quarter,year,month,tag_id_new,species,mark
fall,2009,10,0049,californicus,100
fall,2009,10,0051,californicus,111
fall,2009,10,0121,truei,111
fall,2009,10,0125,californicus,100
fall,2009,10,0134,truei,100
fall,2009,10,0139,truei,111
fall,2009,10,0140,californicus,111
fall,2009,10,0143,truei,111
fall,2009,10,0144,californicus,111
fall,2009,10,0166,truei,111
fall,2009,10,0167,californicus,101
fall,2009,10,0186,californicus,100
fall,2009,10,0228,californicus,101
fall,2009,10,0229,californicus,011
fall,2009,10,0231,megalotis,010
fall,2009,10,0232,truei,011
fall,2009,10,0249,californicus,010
fall,2009,10,0261,truei,010
fall,2009,10,0266,truei,111
fall,2009,10,0268,californicus,100
fall,2009,10,0271,truei,001
fall,2009,10,0276,truei,101
fall,2009,10,0280,truei,101
fall,2009,10,0283,truei,011
fall,2009,10,0284,truei,010
fall,2009,10,0285,truei,001
fall,2009,10,0327,truei,001
fall,2009,10,0329,truei,001
fall,2009,10,0349,fuscus,010
fall,2009,10,0802,truei,001
fall,2009,10,1009,truei,001
fall,2009,10,1101,californicus,010
fall,2009,10,1102,truei,110
fall,2009,10,1124,truei,111
fall,2009,10,1137,truei,111
fall,2009,10,1147,truei,111
fall,2009,10,1150,truei,010
fall,2009,10,1161,truei,010
fall,2009,10,1164,californicus,101
fall,2009,10,1169,californicus,111
fall,2009,10,1226,truei,101
fall,2009,10,1227,truei,101
fall,2009,10,1230,truei,010
fall,2009,10,1250,truei,011
fall,2009,10,1267,californicus,010
fall,2009,10,1269,californicus,111
fall,2009,10,1272,truei,101
fall,2009,10,1275,truei,111
fall,2009,10,1278,fuscus,100
fall,2009,10,1279,truei,111
fall,2009,10,1281,truei,101
fall,2009,10,1282,truei,011
fall,2009,10,1326,megalotis,001
fall,2009,10,1328,truei,001
fall,2009,10,1350,truei,011
fall,2009,10,1351,truei,011
fall,2010,11,0006,truei,010
fall,2010,11,0033,californicus,100
fall,2010,11,0033,NA,010
fall,2010,11,0035,truei,011
fall,2010,11,0042,truei,100
fall,2010,11,0043,truei,001
fall,2010,11,0051,californicus,100
fall,2010,11,0056,truei,100
fall,2010,11,0057,truei,101
fall,2010,11,0059,NA,100
fall,2010,11,0060,truei,101
fall,2010,11,0060,NA,010
fall,2010,11,0061,truei,001
fall,2010,11,0077,californicus,010
fall,2010,11,0077,truei,001
fall,2010,11,0078,californicus,101
fall,2010,11,0081,truei,100
fall,2010,11,0081,NA,010
fall,2010,11,0086,truei,100
fall,2010,11,0088,truei,010
fall,2010,11,0090,truei,000
fall,2010,11,0090,NA,001
fall,2010,11,0092,truei,010
fall,2010,11,0092,NA,001
fall,2010,11,0093,californicus,110
fall,2010,11,0095,NA,010
fall,2010,11,0099,truei,010
fall,2010,11,0100,truei,001
fall,2010,11,0125,californicus,100
fall,2010,11,0127,truei,101
fall,2010,11,0228,californicus,100
fall,2010,11,0243,californicus,010
fall,2010,11,0253,californicus,100
fall,2010,11,0253,truei,001
fall,2010,11,0260,californicus,100
fall,2010,11,0266,truei,010
fall,2010,11,0295,truei,100
fall,2010,11,0297,californicus,100
fall,2010,11,0297,NA,001
fall,2010,11,0299,truei,001
fall,2010,11,0337,californicus,100
fall,2010,11,0337,NA,001
fall,2010,11,0353,truei,001
fall,2010,11,0387,NA,010
fall,2010,11,0394,californicus,101
fall,2010,11,0874,truei,001
fall,2010,11,0950,truei,011
fall,2010,11,0973,truei,011
fall,2010,11,0974,truei,010
fall,2010,11,1022,californicus,001
fall,2010,11,1039,truei,110
fall,2010,11,1046,truei,010
fall,2010,11,1058,truei,001
fall,2010,11,1071,truei,001
fall,2010,11,1072,truei,011
fall,2010,11,1076,californicus,001
fall,2010,11,1076,truei,110
fall,2010,11,1079,californicus,110
fall,2010,11,1089,truei,111
fall,2010,11,1098,truei,001
fall,2010,11,1098,NA,010
fall,2010,11,1246,truei,001
fall,2010,11,1269,californicus,100
fall,2010,11,1306,truei,100
fall,2010,11,1307,californicus,100
fall,2010,11,1336,truei,110
fall,2010,11,1351,truei,100
fall,2010,11,1351,NA,011
fall,2010,11,1386,truei,010
fall,2010,11,1389,fuscipes,000
fall,2010,11,1389,fuscus,001
fall,2010,11,1975,truei,010
fall,2010,11,1983,truei,001
fall,2011,11,0001,californicus,010
fall,2011,11,0051,californicus,100
fall,2011,11,0052,truei,001
fall,2011,11,0075,NA,001
fall,2011,11,0100,NA,001
fall,2011,11,0121,californicus,001
fall,2011,11,0122,californicus,100
fall,2011,11,0122,NA,001
fall,2011,11,0124,truei,100
fall,2011,11,0125,californicus,010
fall,2011,11,0127,NA,100
fall,2011,11,0128,truei,010
fall,2011,11,0151,truei,001
fall,2011,11,0200,truei,100
fall,2011,11,0200,NA,001
fall,2011,11,0479,californicus,001
fall,2011,11,0795,truei,100
fall,2011,11,0796,truei,100
fall,2011,11,0834,truei,001
fall,2011,11,0869,NA,100
fall,2011,11,0916,truei,100
fall,2011,11,0953,NA,001
fall,2011,11,1025,NA,001
fall,2011,11,1053,californicus,001
fall,2011,11,1126,californicus,100
fall,2011,11,1398,californicus,001
fall,2011,11,1788,californicus,100
fall,2011,11,1827,truei,001
fall,2011,11,1843,truei,110
fall,2011,11,1843,NA,001
fall,2011,11,1956,truei,100
fall,2011,11,2123,californicus,100
fall,2012,11,0009,truei,010
fall,2012,11,0009,NA,001
fall,2012,11,0018,truei,001
fall,2012,11,0028,californicus,100
fall,2012,11,0028,NA,001
fall,2012,11,0032,truei,010
fall,2012,11,0036,truei,100
fall,2012,11,0036,NA,011
fall,2012,11,0040,truei,100
fall,2012,11,0040,NA,001
fall,2012,11,0045,californicus,100
fall,2012,11,0065,truei,110
fall,2012,11,0065,NA,001
fall,2012,11,0070,californicus,101
fall,2012,11,0070,NA,010
fall,2012,11,0076,californicus,100
fall,2012,11,0078,NA,001
fall,2012,11,0082,californicus,100
fall,2012,11,0084,truei,001
fall,2012,11,0099,truei,100
fall,2012,11,0099,NA,011
fall,2012,11,0119,truei,001
fall,2012,11,0132,californicus,110
fall,2012,11,0146,truei,010
fall,2012,11,0146,NA,001
fall,2012,11,0147,californicus,001
fall,2012,11,0152,truei,100
fall,2012,11,0152,NA,011
fall,2012,11,0153,truei,010
fall,2012,11,0154,truei,100
fall,2012,11,0155,truei,010
fall,2012,11,0155,NA,001
fall,2012,11,0156,truei,010
fall,2012,11,0157,californicus,010
fall,2012,11,0160,truei,001
fall,2012,11,0161,californicus,010
fall,2012,11,0162,californicus,100
fall,2012,11,0162,NA,001
fall,2012,11,0163,truei,110
fall,2012,11,0163,NA,001
fall,2012,11,0168,truei,010
fall,2012,11,0168,NA,001
fall,2012,11,0169,truei,001
fall,2012,11,0172,californicus,010
fall,2012,11,0173,californicus,100
fall,2012,11,0174,californicus,100
fall,2012,11,0175,truei,100
fall,2012,11,0178,truei,001
fall,2012,11,0180,truei,100
fall,2012,11,0180,NA,001
fall,2012,11,0186,californicus,100
fall,2012,11,0220,californicus,100
fall,2012,11,0253,truei,001
fall,2012,11,0326,californicus,010
fall,2012,11,0328,californicus,010
fall,2012,11,0331,californicus,010
fall,2012,11,0351,californicus,100
fall,2012,11,0351,NA,011
fall,2012,11,0352,californicus,010
fall,2012,11,0352,NA,001
fall,2012,11,0375,truei,100
fall,2012,11,0375,NA,001
fall,2012,11,0426,californicus,010
fall,2012,11,0475,truei,001
fall,2012,11,0477,californicus,001
fall,2012,11,0499,truei,001
fall,2012,11,0500,truei,010
fall,2012,11,0505,californicus,100
fall,2012,11,0505,NA,010
fall,2012,11,0511,NA,010
fall,2012,11,0524,truei,100
fall,2012,11,0548,californicus,110
fall,2012,11,0548,NA,001
fall,2012,11,0551,truei,100
fall,2012,11,0552,californicus,110
fall,2012,11,0552,NA,001
fall,2012,11,0589,californicus,110
fall,2012,11,0591,truei,100
fall,2012,11,0591,NA,001
fall,2012,11,0599,truei,100
fall,2012,11,0638,truei,010
fall,2012,11,0795,truei,100
fall,2012,11,0795,NA,011
fall,2012,11,0796,truei,100
fall,2012,11,0796,NA,011
fall,2012,11,0839,truei,100
fall,2012,11,0839,NA,001
fall,2012,11,0963,californicus,010
fall,2012,11,1030,californicus,001
fall,2012,11,1126,californicus,010
fall,2012,11,1402,californicus,010
fall,2012,11,1425,truei,001
fall,2013,11,0046,truei,100
fall,2013,11,0070,californicus,101
fall,2013,11,0071,californicus,100
fall,2013,11,0097,truei,010
fall,2013,11,0098,californicus,010
fall,2013,11,0162,californicus,100
fall,2013,11,0165,californicus,010
fall,2013,11,0169,truei,001
fall,2013,11,0172,californicus,100
fall,2013,11,0186,californicus,101
fall,2013,11,0206,truei,100
fall,2013,11,0227,californicus,001
fall,2013,11,0230,truei,110
fall,2013,11,0245,truei,010
fall,2013,11,0254,truei,001
fall,2013,11,0256,californicus,001
fall,2013,11,0265,truei,100
fall,2013,11,0266,truei,001
fall,2013,11,0272,truei,010
fall,2013,11,0302,californicus,010
fall,2013,11,0307,californicus,100
fall,2013,11,0326,californicus,001
fall,2013,11,0351,californicus,001
fall,2013,11,0352,californicus,110
fall,2013,11,0352,truei,001
fall,2013,11,0399,truei,011
fall,2013,11,0430,truei,100
fall,2013,11,0433,californicus,100
fall,2013,11,0434,truei,011
fall,2013,11,0445,truei,100
fall,2013,11,0446,truei,001
fall,2013,11,0450,californicus,001
fall,2013,11,0485,truei,101
fall,2013,11,0493,truei,001
fall,2013,11,0544,truei,010
fall,2013,11,0599,truei,111
fall,2013,11,0637,truei,010
fall,2013,11,1097,californicus,010
fall,2013,11,1452,truei,010
fall,2013,11,1495,truei,010
fall,2013,11,2317,truei,001
fall,2014,11,0024,NA,001
fall,2014,11,0099,truei,001
fall,2014,11,0099,NA,010
fall,2014,11,0186,californicus,100
fall,2014,11,0302,californicus,110
fall,2014,11,0302,NA,001
fall,2014,11,0336,californicus,100
fall,2014,11,0336,NA,001
fall,2014,11,0348,californicus,100
fall,2014,11,0348,NA,001
fall,2014,11,0377,truei,001
fall,2014,11,0412,maniculatus,010
fall,2014,11,0416,californicus,001
fall,2014,11,0416,maniculatus,001
fall,2014,11,0418,truei,001
fall,2014,11,0428,californicus,100
fall,2014,11,0428,truei,010
fall,2014,11,0428,NA,001
fall,2014,11,0435,truei,100
fall,2014,11,0443,truei,100
fall,2014,11,0450,californicus,100
fall,2014,11,0450,NA,010
fall,2014,11,0457,californicus,100
fall,2014,11,0457,NA,010
fall,2014,11,0460,californicus,100
fall,2014,11,0493,NA,001
fall,2014,11,0497,NA,001
fall,2014,11,0515,californicus,011
fall,2014,11,0522,californicus,100
fall,2014,11,0522,NA,001
fall,2014,11,0523,californicus,001
fall,2014,11,0542,californicus,100
fall,2014,11,0543,californicus,100
fall,2014,11,0543,NA,001
fall,2014,11,0546,truei,010
fall,2014,11,0564,truei,001
fall,2014,11,0567,truei,100
fall,2014,11,0567,NA,001
fall,2014,11,0568,californicus,100
fall,2014,11,0568,NA,010
fall,2014,11,0577,californicus,001
fall,2014,11,0587,californicus,001
fall,2014,11,0594,NA,010
fall,2014,11,0595,truei,010
fall,2014,11,0595,NA,001
fall,2014,11,0596,californicus,010
fall,2014,11,0656,truei,001
fall,2014,11,0824,truei,110
fall,2014,11,0825,truei,100
fall,2014,11,0898,truei,100
fall,2014,11,0947,truei,100
fall,2014,11,0947,NA,010
fall,2014,11,0948,truei,100
fall,2014,11,0949,NA,010
fall,2014,11,0956,californicus,100
fall,2014,11,0956,NA,001
fall,2014,11,0958,californicus,100
fall,2014,11,0958,truei,001
fall,2014,11,0958,NA,010
fall,2014,11,0959,truei,100
fall,2014,11,0965,truei,110
fall,2014,11,0967,californicus,100
fall,2014,11,0967,truei,010
fall,2014,11,0975,californicus,100
fall,2014,11,0976,californicus,001
fall,2014,11,0977,truei,100
fall,2014,11,0977,NA,010
fall,2014,11,0978,truei,100
fall,2014,11,0979,californicus,001
fall,2014,11,0979,truei,100
fall,2014,11,0979,NA,010
fall,2014,11,0980,truei,100
fall,2014,11,0980,NA,011
fall,2014,11,0981,truei,100
fall,2014,11,0981,NA,001
fall,2014,11,0992,truei,001
fall,2014,11,0993,californicus,001
fall,2014,11,0994,californicus,001
fall,2014,11,0995,californicus,001
fall,2014,11,0998,californicus,001
fall,2014,11,1990,truei,001
fall,2015,11,0025,californicus,010
fall,2015,11,0025,NA,101
fall,2015,11,0031,truei,001
fall,2015,11,0052,truei,001
fall,2015,11,0075,truei,101
fall,2015,11,0080,californicus,100
fall,2015,11,0080,truei,010
fall,2015,11,0096,truei,010
fall,2015,11,0099,californicus,001
fall,2015,11,0289,truei,010
fall,2015,11,0330,truei,010
fall,2015,11,0330,NA,001
fall,2015,11,0340,californicus,100
fall,2015,11,0376,truei,100
fall,2015,11,0377,californicus,001
fall,2015,11,0379,californicus,101
fall,2015,11,0380,truei,001
fall,2015,11,0382,californicus,011
fall,2015,11,0385,truei,110
fall,2015,11,0398,truei,100
fall,2015,11,0398,NA,010
fall,2015,11,0402,truei,010
fall,2015,11,0411,truei,100
fall,2015,11,0452,californicus,010
fall,2015,11,0466,truei,100
fall,2015,11,0466,NA,001
fall,2015,11,0471,truei,111
fall,2015,11,0492,truei,100
fall,2015,11,0492,NA,010
fall,2015,11,0514,californicus,101
fall,2015,11,0517,californicus,110
fall,2015,11,0517,truei,001
fall,2015,11,0532,californicus,010
fall,2015,11,0532,truei,100
fall,2015,11,0537,truei,011
fall,2015,11,0559,californicus,010
fall,2015,11,0559,NA,001
fall,2015,11,0563,truei,101
fall,2015,11,0563,NA,010
fall,2015,11,0579,californicus,100
fall,2015,11,0585,californicus,010
fall,2015,11,0592,californicus,001
fall,2015,11,0601,truei,010
fall,2015,11,0601,NA,001
fall,2015,11,0647,californicus,110
fall,2015,11,0648,truei,001
fall,2015,11,0656,californicus,010
fall,2015,11,0672,truei,011
fall,2015,11,0721,truei,001
fall,2015,11,0727,NA,001
fall,2015,11,0752,californicus,001
fall,2015,11,0753,NA,001
fall,2015,11,0777,californicus,110
fall,2015,11,0788,californicus,010
fall,2015,11,0818,truei,001
fall,2015,11,0825,californicus,100
fall,2015,11,0848,californicus,001
fall,2015,11,0879,californicus,001
fall,2015,11,0897,truei,110
fall,2015,11,0901,truei,100
fall,2015,11,0902,truei,110
fall,2015,11,0904,truei,100
fall,2015,11,0915,truei,010
fall,2015,11,0917,truei,010
fall,2015,11,0931,californicus,010
fall,2015,11,0932,californicus,100
fall,2015,11,0934,truei,101
fall,2015,11,0934,NA,010
fall,2015,11,0936,californicus,100
fall,2015,11,0936,NA,011
fall,2015,11,0941,californicus,001
fall,2015,11,0959,truei,100
fall,2015,11,0960,californicus,010
fall,2015,11,0960,truei,101
fall,2015,11,0967,californicus,100
fall,2015,11,0988,NA,001
fall,2015,11,0998,truei,010
fall,2016,11,0114,truei,100
fall,2016,11,0137,truei,100
fall,2016,11,0199,NA,001
fall,2016,11,0200,truei,100
fall,2016,11,0238,californicus,100
fall,2016,11,0370,NA,001
fall,2016,11,0380,truei,010
fall,2016,11,0385,truei,010
fall,2016,11,0420,truei,010
fall,2016,11,0559,californicus,100
fall,2016,11,0585,californicus,100
fall,2016,11,0585,NA,001
fall,2016,11,0592,californicus,100
fall,2016,11,0630,californicus,010
fall,2016,11,0670,truei,010
fall,2016,11,0670,NA,001
fall,2016,11,0680,truei,100
fall,2016,11,0704,truei,100
fall,2016,11,0727,truei,010
fall,2016,11,0727,NA,001
fall,2016,11,0752,californicus,101
fall,2016,11,0838,californicus,010
fall,2016,11,0922,californicus,100
fall,2017,11,0002,NA,010
fall,2017,11,0012,californicus,001
fall,2017,11,0030,NA,001
fall,2017,11,0044,NA,001
fall,2017,11,0108,californicus,010
fall,2017,11,0136,NA,001
fall,2017,11,0238,californicus,110
fall,2017,11,0322,truei,100
fall,2017,11,0322,NA,001
fall,2017,11,0945,californicus,111
fall,2018,11,0238,californicus,010
fall,2018,11,0238,NA,001
fall,2018,11,0280,californicus,010
fall,2018,11,0280,NA,001
fall,2018,11,0401,truei,100
fall,2018,11,0425,truei,100
fall,2018,11,0492,truei,100
spring,2009,4,0049,californicus,100
spring,2009,4,0051,californicus,110
spring,2009,4,0121,truei,010
spring,2009,4,0125,californicus,110
spring,2009,4,0131,truei,010
spring,2009,4,0139,truei,010
spring,2009,4,0140,californicus,010
spring,2009,4,0141,truei,010
spring,2009,4,0142,truei,010
spring,2009,4,0143,truei,010
spring,2009,4,0144,californicus,010
spring,2009,4,0145,californicus,110
spring,2009,4,0148,truei,110
spring,2009,4,0149,californicus,110
spring,2009,4,0158,fuscus,010
spring,2009,4,0159,truei,010
spring,2009,4,0162,truei,010
spring,2009,4,0166,truei,010
spring,2009,4,0167,californicus,010
spring,2009,4,0170,truei,110
spring,2009,4,0173,californicus,100
spring,2009,4,0176,californicus,110
spring,2009,4,0177,truei,110
spring,2009,4,0194,truei,110
spring,2009,4,0196,truei,110
spring,2009,4,0198,truei,110
spring,2009,4,1008,truei,010
spring,2009,4,1009,truei,010
spring,2009,4,1023,californicus,110
spring,2009,4,1026,truei,100
spring,2009,4,1119,truei,010
spring,2009,4,1120,truei,010
spring,2009,4,1122,truei,110
spring,2009,4,1123,californicus,100
spring,2009,4,1124,truei,110
spring,2009,4,1132,truei,010
spring,2009,4,1136,truei,010
spring,2009,4,1137,truei,010
spring,2009,4,1146,californicus,100
spring,2009,4,1147,truei,110
spring,2009,4,1150,truei,100
spring,2009,4,1151,californicus,010
spring,2009,4,1152,truei,010
spring,2009,4,1153,californicus,010
spring,2009,4,1154,truei,010
spring,2009,4,1155,californicus,010
spring,2009,4,1156,californicus,010
spring,2009,4,1157,truei,010
spring,2009,4,1160,californicus,010
spring,2009,4,1161,truei,010
spring,2009,4,1163,truei,010
spring,2009,4,1164,californicus,010
spring,2009,4,1165,truei,010
spring,2009,4,1168,truei,110
spring,2009,4,1169,californicus,100
spring,2009,4,1171,californicus,100
spring,2009,4,1172,truei,110
spring,2009,4,1174,californicus,110
spring,2009,4,1175,truei,110
spring,2009,4,1178,truei,110
spring,2009,4,1179,fuscus,010
spring,2009,4,1199,truei,110
spring,2009,5,0103,truei,001
spring,2009,5,0105,truei,001
spring,2009,5,0106,truei,001
spring,2009,5,0107,truei,001
spring,2009,5,0121,truei,001
spring,2009,5,0125,californicus,001
spring,2009,5,0139,truei,001
spring,2009,5,0140,californicus,001
spring,2009,5,0141,truei,001
spring,2009,5,0142,truei,001
spring,2009,5,0143,truei,001
spring,2009,5,0144,californicus,001
spring,2009,5,0148,truei,001
spring,2009,5,0159,truei,001
spring,2009,5,0162,truei,001
spring,2009,5,0166,truei,001
spring,2009,5,0167,californicus,001
spring,2009,5,0170,truei,001
spring,2009,5,0187,truei,001
spring,2009,5,0188,truei,001
spring,2009,5,0192,truei,001
spring,2009,5,0193,truei,001
spring,2009,5,0194,truei,001
spring,2009,5,0198,truei,001
spring,2009,5,1008,truei,001
spring,2009,5,1023,californicus,001
spring,2009,5,1102,truei,001
spring,2009,5,1119,truei,001
spring,2009,5,1136,truei,001
spring,2009,5,1137,truei,001
spring,2009,5,1147,truei,001
spring,2009,5,1152,truei,001
spring,2009,5,1153,californicus,001
spring,2009,5,1154,truei,001
spring,2009,5,1157,truei,001
spring,2009,5,1161,truei,001
spring,2009,5,1163,truei,001
spring,2009,5,1164,californicus,001
spring,2009,5,1165,truei,001
spring,2009,5,1168,truei,001
spring,2009,5,1172,truei,001
spring,2009,5,1179,fuscus,001
spring,2009,5,1180,truei,001
spring,2009,5,1190,truei,001
spring,2009,5,1191,truei,001
spring,2010,4,0051,californicus,100
spring,2010,4,0051,truei,010
spring,2010,4,0135,truei,100
spring,2010,4,0135,NA,010
spring,2010,4,0139,truei,100
spring,2010,4,0144,californicus,100
spring,2010,4,0192,truei,010
spring,2010,4,0233,truei,100
spring,2010,4,0234,truei,110
spring,2010,4,0243,truei,100
spring,2010,4,0244,truei,100
spring,2010,4,0268,californicus,100
spring,2010,4,0276,truei,110
spring,2010,4,0284,truei,100
spring,2010,4,0293,californicus,100
spring,2010,4,0294,truei,010
spring,2010,4,0310,truei,100
spring,2010,4,0337,californicus,010
spring,2010,4,0339,truei,100
spring,2010,4,0353,truei,110
spring,2010,4,0359,truei,100
spring,2010,4,0371,truei,100
spring,2010,4,0372,truei,100
spring,2010,4,1137,truei,100
spring,2010,4,1147,truei,100
spring,2010,4,1161,truei,100
spring,2010,4,1245,truei,100
spring,2010,4,1269,californicus,100
spring,2010,4,1282,truei,110
spring,2010,4,1288,truei,010
spring,2010,4,1303,truei,100
spring,2010,4,1306,truei,100
spring,2010,4,1309,californicus,100
spring,2010,4,1309,fuscus,010
spring,2010,4,1322,truei,110
spring,2010,4,1328,truei,110
spring,2010,4,1331,truei,100
spring,2010,4,1336,truei,100
spring,2010,4,1340,truei,100
spring,2010,4,1350,truei,100
spring,2010,4,1351,truei,110
spring,2010,4,1352,truei,010
spring,2010,4,1374,californicus,100
spring,2010,4,1376,truei,010
spring,2010,4,1383,truei,100
spring,2010,4,1386,truei,010
spring,2010,4,1400,truei,100
spring,2010,5,0109,californicus,001
spring,2010,5,0125,californicus,001
spring,2010,5,0139,truei,001
spring,2010,5,0144,californicus,001
spring,2010,5,0186,californicus,001
spring,2010,5,0201,truei,001
spring,2010,5,0233,truei,001
spring,2010,5,0234,truei,001
spring,2010,5,0244,truei,001
spring,2010,5,0253,californicus,001
spring,2010,5,0266,truei,001
spring,2010,5,0276,truei,001
spring,2010,5,0284,truei,001
spring,2010,5,0291,truei,001
spring,2010,5,0293,truei,001
spring,2010,5,0294,truei,001
spring,2010,5,0298,truei,001
spring,2010,5,0310,truei,001
spring,2010,5,0324,truei,001
spring,2010,5,0339,truei,001
spring,2010,5,0372,truei,001
spring,2010,5,0380,truei,001
spring,2010,5,0384,truei,001
spring,2010,5,1026,truei,001
spring,2010,5,1075,californicus,001
spring,2010,5,1101,californicus,001
spring,2010,5,1102,truei,001
spring,2010,5,1137,truei,001
spring,2010,5,1161,truei,001
spring,2010,5,1174,NA,001
spring,2010,5,1178,megalotis,001
spring,2010,5,1200,truei,001
spring,2010,5,1251,truei,001
spring,2010,5,1252,truei,001
spring,2010,5,1267,californicus,001
spring,2010,5,1269,californicus,001
spring,2010,5,1300,truei,001
spring,2010,5,1303,truei,001
spring,2010,5,1306,truei,001
spring,2010,5,1309,californicus,001
spring,2010,5,1309,fuscus,001
spring,2010,5,1322,truei,001
spring,2010,5,1328,truei,001
spring,2010,5,1336,truei,001
spring,2010,5,1340,truei,001
spring,2010,5,1350,truei,001
spring,2010,5,1351,truei,001
spring,2010,5,1352,truei,001
spring,2010,5,1376,truei,001
spring,2010,5,1377,truei,001
spring,2010,5,1399,maniculatus,001
spring,2010,5,1460,truei,001
spring,2011,5,0006,truei,101
spring,2011,5,0032,truei,010
spring,2011,5,0033,californicus,010
spring,2011,5,0034,truei,101
spring,2011,5,0036,truei,101
spring,2011,5,0036,NA,010
spring,2011,5,0043,truei,111
spring,2011,5,0057,truei,010
spring,2011,5,0059,californicus,101
spring,2011,5,0061,californicus,010
spring,2011,5,0065,californicus,010
spring,2011,5,0070,truei,010
spring,2011,5,0077,californicus,101
spring,2011,5,0078,californicus,101
spring,2011,5,0080,truei,001
spring,2011,5,0090,truei,010
spring,2011,5,0093,californicus,101
spring,2011,5,0125,californicus,101
spring,2011,5,0266,truei,101
spring,2011,5,0353,californicus,010
spring,2011,5,0381,truei,100
spring,2011,5,0387,californicus,101
spring,2011,5,0663,californicus,010
spring,2011,5,0803,truei,111
spring,2011,5,0810,truei,101
spring,2011,5,0814,NA,101
spring,2011,5,0817,californicus,101
spring,2011,5,0818,truei,010
spring,2011,5,0826,californicus,101
spring,2011,5,0830,truei,010
spring,2011,5,0832,truei,001
spring,2011,5,0834,truei,111
spring,2011,5,0839,truei,101
spring,2011,5,0840,truei,010
spring,2011,5,0841,californicus,010
spring,2011,5,0842,truei,010
spring,2011,5,0846,californicus,010
spring,2011,5,0869,truei,101
spring,2011,5,0870,truei,010
spring,2011,5,0883,truei,101
spring,2011,5,0884,NA,101
spring,2011,5,0886,californicus,101
spring,2011,5,0886,truei,010
spring,2011,5,0913,californicus,100
spring,2011,5,0916,truei,010
spring,2011,5,0919,truei,010
spring,2011,5,0928,truei,010
spring,2011,5,0933,truei,010
spring,2011,5,0937,truei,010
spring,2011,5,0939,truei,010
spring,2011,5,0950,truei,101
spring,2011,5,0952,truei,010
spring,2011,5,0957,truei,010
spring,2011,5,0963,californicus,010
spring,2011,5,0970,californicus,010
spring,2011,5,0997,truei,101
spring,2011,5,1041,truei,101
spring,2011,5,1041,NA,010
spring,2011,5,1044,californicus,101
spring,2011,5,1044,truei,010
spring,2011,5,1045,truei,101
spring,2011,5,1126,truei,101
spring,2011,5,1267,californicus,101
spring,2011,5,1269,californicus,111
spring,2011,5,1307,californicus,111
spring,2011,5,1317,californicus,010
spring,2011,5,1336,truei,101
spring,2011,5,1381,truei,101
spring,2011,5,1813,truei,111
spring,2011,5,1827,truei,101
spring,2011,5,1828,truei,101
spring,2011,5,1838,truei,101
spring,2011,5,1843,truei,010
spring,2011,5,1844,truei,111
spring,2011,5,1848,truei,101
spring,2011,5,1850,truei,100
spring,2011,5,1882,truei,100
spring,2011,5,1885,californicus,010
spring,2011,5,1885,truei,101
spring,2011,5,1936,truei,010
spring,2011,5,1965,truei,010
spring,2011,5,1967,truei,010
spring,2012,5,0001,NA,010
spring,2012,5,0002,californicus,101
spring,2012,5,0005,californicus,100
spring,2012,5,0006,californicus,100
spring,2012,5,0006,NA,001
spring,2012,5,0016,californicus,010
spring,2012,5,0016,NA,001
spring,2012,5,0017,truei,101
spring,2012,5,0019,NA,001
spring,2012,5,0027,californicus,010
spring,2012,5,0028,californicus,010
spring,2012,5,0029,californicus,100
spring,2012,5,0032,truei,101
spring,2012,5,0036,truei,110
spring,2012,5,0036,NA,001
spring,2012,5,0037,truei,100
spring,2012,5,0039,truei,001
spring,2012,5,0040,truei,111
spring,2012,5,0047,californicus,010
spring,2012,5,0055,truei,010
spring,2012,5,0057,truei,010
spring,2012,5,0058,californicus,110
spring,2012,5,0061,truei,011
spring,2012,5,0063,californicus,010
spring,2012,5,0065,truei,011
spring,2012,5,0066,truei,100
spring,2012,5,0067,truei,100
spring,2012,5,0070,californicus,111
spring,2012,5,0072,californicus,010
spring,2012,5,0076,californicus,110
spring,2012,5,0078,californicus,010
spring,2012,5,0082,truei,010
spring,2012,5,0116,truei,101
spring,2012,5,0121,californicus,001
spring,2012,5,0127,truei,100
spring,2012,5,0128,truei,010
spring,2012,5,0128,NA,100
spring,2012,5,0131,truei,010
spring,2012,5,0131,NA,100
spring,2012,5,0132,californicus,110
spring,2012,5,0132,NA,001
spring,2012,5,0151,truei,101
spring,2012,5,0151,NA,100
spring,2012,5,0155,truei,001
spring,2012,5,0162,NA,100
spring,2012,5,0173,californicus,001
spring,2012,5,0175,truei,010
spring,2012,5,0175,NA,100
spring,2012,5,0185,truei,001
spring,2012,5,0191,NA,010
spring,2012,5,0220,NA,100
spring,2012,5,0225,NA,001
spring,2012,5,0228,californicus,010
spring,2012,5,0253,californicus,100
spring,2012,5,0550,truei,010
spring,2012,5,0550,NA,100
spring,2012,5,0551,californicus,001
spring,2012,5,0551,NA,100
spring,2012,5,0552,californicus,001
spring,2012,5,0577,californicus,001
spring,2012,5,0590,NA,010
spring,2012,5,0600,truei,101
spring,2012,5,0665,NA,100
spring,2012,5,0796,truei,101
spring,2012,5,0830,NA,100
spring,2012,5,0963,californicus,111
spring,2012,5,1025,truei,101
spring,2012,5,1030,californicus,101
spring,2012,5,1050,NA,001
spring,2012,5,1053,californicus,100
spring,2012,5,1097,californicus,001
spring,2012,5,1126,californicus,100
spring,2012,5,1753,truei,100
spring,2012,5,1956,NA,100
spring,2012,5,2022,truei,100
spring,2012,5,2023,truei,110
spring,2012,5,2026,californicus,010
spring,2012,5,2150,truei,010
spring,2012,5,2199,californicus,001
spring,2013,5,0070,californicus,111
spring,2013,5,0074,californicus,110
spring,2013,5,0074,NA,001
spring,2013,5,0076,californicus,111
spring,2013,5,0078,californicus,110
spring,2013,5,0082,truei,110
spring,2013,5,0084,truei,101
spring,2013,5,0084,NA,010
spring,2013,5,0099,truei,111
spring,2013,5,0121,californicus,111
spring,2013,5,0132,californicus,101
spring,2013,5,0152,truei,010
spring,2013,5,0152,NA,001
spring,2013,5,0162,californicus,110
spring,2013,5,0162,NA,001
spring,2013,5,0169,truei,100
spring,2013,5,0171,californicus,110
spring,2013,5,0172,californicus,111
spring,2013,5,0178,truei,101
spring,2013,5,0178,NA,010
spring,2013,5,0186,californicus,110
spring,2013,5,0203,truei,111
spring,2013,5,0204,truei,011
spring,2013,5,0205,truei,010
spring,2013,5,0226,fuscus,001
spring,2013,5,0226,truei,111
spring,2013,5,0227,californicus,100
spring,2013,5,0228,truei,101
spring,2013,5,0248,truei,101
spring,2013,5,0250,californicus,010
spring,2013,5,0250,truei,100
spring,2013,5,0253,californicus,010
spring,2013,5,0253,truei,110
spring,2013,5,0254,truei,010
spring,2013,5,0255,californicus,010
spring,2013,5,0265,truei,100
spring,2013,5,0300,californicus,001
spring,2013,5,0307,californicus,010
spring,2013,5,0314,truei,111
spring,2013,5,0320,truei,100
spring,2013,5,0321,truei,011
spring,2013,5,0326,californicus,110
spring,2013,5,0350,truei,110
spring,2013,5,0351,californicus,100
spring,2013,5,0352,californicus,111
spring,2013,5,0399,truei,111
spring,2013,5,0427,truei,100
spring,2013,5,0427,NA,001
spring,2013,5,0448,californicus,001
spring,2013,5,0450,californicus,100
spring,2013,5,0470,truei,001
spring,2013,5,0473,truei,111
spring,2013,5,0477,californicus,100
spring,2013,5,0479,californicus,001
spring,2013,5,0481,truei,110
spring,2013,5,0481,NA,001
spring,2013,5,0482,truei,011
spring,2013,5,0486,truei,010
spring,2013,5,0487,truei,001
spring,2013,5,0488,californicus,100
spring,2013,5,0489,truei,101
spring,2013,5,0490,truei,101
spring,2013,5,0493,truei,111
spring,2013,5,0494,californicus,100
spring,2013,5,0498,californicus,010
spring,2013,5,0520,truei,001
spring,2013,5,0548,californicus,101
spring,2013,5,0549,californicus,001
spring,2013,5,0551,truei,111
spring,2013,5,0591,truei,101
spring,2013,5,0599,truei,110
spring,2013,5,0599,NA,001
spring,2013,5,1030,californicus,110
spring,2013,5,1126,californicus,100
spring,2013,5,1497,truei,100
spring,2013,5,1564,truei,111
spring,2013,5,1568,truei,100
spring,2013,5,2317,truei,100
spring,2013,5,2317,NA,010
spring,2015,5,0022,truei,001
spring,2015,5,0023,truei,001
spring,2015,5,0025,californicus,100
spring,2015,5,0025,NA,001
spring,2015,5,0026,truei,010
spring,2015,5,0026,NA,001
spring,2015,5,0050,truei,010
spring,2015,5,0052,truei,010
spring,2015,5,0053,californicus,010
spring,2015,5,0075,truei,010
spring,2015,5,0079,truei,100
spring,2015,5,0079,NA,001
spring,2015,5,0080,truei,010
spring,2015,5,0080,NA,001
spring,2015,5,0099,truei,100
spring,2015,5,0099,NA,011
spring,2015,5,0311,NA,001
spring,2015,5,0317,NA,010
spring,2015,5,0376,truei,100
spring,2015,5,0376,NA,001
spring,2015,5,0379,californicus,100
spring,2015,5,0379,NA,001
spring,2015,5,0382,californicus,100
spring,2015,5,0382,NA,001
spring,2015,5,0383,truei,100
spring,2015,5,0383,NA,010
spring,2015,5,0385,NA,001
spring,2015,5,0388,truei,001
spring,2015,5,0390,californicus,001
spring,2015,5,0392,NA,001
spring,2015,5,0398,truei,101
spring,2015,5,0398,NA,001
spring,2015,5,0411,truei,100
spring,2015,5,0411,NA,001
spring,2015,5,0466,californicus,100
spring,2015,5,0493,truei,100
spring,2015,5,0493,NA,001
spring,2015,5,0514,californicus,010
spring,2015,5,0517,truei,100
spring,2015,5,0517,NA,001
spring,2015,5,0532,truei,100
spring,2015,5,0532,NA,001
spring,2015,5,0556,californicus,100
spring,2015,5,0559,californicus,100
spring,2015,5,0565,truei,100
spring,2015,5,0565,NA,011
spring,2015,5,0566,californicus,100
spring,2015,5,0579,californicus,101
spring,2015,5,0585,californicus,100
spring,2015,5,0585,NA,001
spring,2015,5,0592,californicus,100
spring,2015,5,0592,NA,001
spring,2015,5,0597,NA,001
spring,2015,5,0811,californicus,100
spring,2015,5,0813,truei,001
spring,2015,5,0825,californicus,100
spring,2015,5,0825,NA,001
spring,2015,5,0866,truei,010
spring,2015,5,0890,californicus,100
spring,2015,5,0930,californicus,001
spring,2015,5,0934,californicus,100
spring,2015,5,0934,NA,001
spring,2015,5,0936,truei,001
spring,2015,5,0959,truei,100
spring,2015,5,0959,NA,001
spring,2015,5,0967,californicus,001
spring,2015,5,0967,truei,100
spring,2015,5,0978,truei,100
spring,2015,5,0978,NA,010
spring,2015,5,0985,truei,010
spring,2015,5,0994,californicus,110
spring,2015,5,0994,NA,001
spring,2015,5,0998,NA,001
spring,2016,4,0277,californicus,100
spring,2016,4,0376,truei,100
spring,2016,4,0378,californicus,100
spring,2016,4,0378,truei,100
spring,2016,4,0429,truei,100
spring,2016,4,0465,truei,100
spring,2016,4,0495,californicus,100
spring,2016,4,0559,californicus,100
spring,2016,4,0565,truei,100
spring,2016,4,0585,californicus,100
spring,2016,4,0645,californicus,100
spring,2016,4,0647,californicus,100
spring,2016,4,0681,truei,100
spring,2016,4,0701,truei,100
spring,2016,4,0702,truei,100
spring,2016,4,0703,truei,100
spring,2016,4,0704,truei,100
spring,2016,4,0705,truei,100
spring,2016,4,0706,truei,100
spring,2016,4,0707,truei,100
spring,2016,4,0708,californicus,100
spring,2016,4,0726,californicus,100
spring,2016,4,0730,californicus,100
spring,2016,4,0731,truei,100
spring,2016,4,0849,truei,100
spring,2016,4,0931,californicus,100
spring,2016,4,0965,californicus,100
spring,2016,5,0089,truei,001
spring,2016,5,0368,californicus,001
spring,2016,5,0368,truei,001
spring,2016,5,0369,truei,001
spring,2016,5,0376,NA,001
spring,2016,5,0377,NA,001
spring,2016,5,0378,californicus,011
spring,2016,5,0379,californicus,001
spring,2016,5,0380,truei,011
spring,2016,5,0385,truei,001
spring,2016,5,0394,californicus,010
spring,2016,5,0398,truei,010
spring,2016,5,0411,truei,001
spring,2016,5,0429,truei,001
spring,2016,5,0465,truei,001
spring,2016,5,0495,truei,001
spring,2016,5,0495,NA,010
spring,2016,5,0529,truei,001
spring,2016,5,0537,truei,001
spring,2016,5,0565,truei,011
spring,2016,5,0575,truei,001
spring,2016,5,0578,californicus,010
spring,2016,5,0585,californicus,001
spring,2016,5,0592,californicus,001
spring,2016,5,0597,californicus,010
spring,2016,5,0609,truei,011
spring,2016,5,0614,californicus,001
spring,2016,5,0615,californicus,001
spring,2016,5,0624,truei,001
spring,2016,5,0626,californicus,001
spring,2016,5,0627,californicus,001
spring,2016,5,0628,californicus,001
spring,2016,5,0629,truei,001
spring,2016,5,0630,NA,001
spring,2016,5,0631,truei,001
spring,2016,5,0632,californicus,001
spring,2016,5,0667,californicus,001
spring,2016,5,0669,truei,010
spring,2016,5,0681,truei,011
spring,2016,5,0683,truei,011
spring,2016,5,0684,truei,010
spring,2016,5,0684,NA,001
spring,2016,5,0685,truei,010
spring,2016,5,0695,truei,001
spring,2016,5,0702,truei,011
spring,2016,5,0703,truei,010
spring,2016,5,0703,NA,001
spring,2016,5,0704,truei,010
spring,2016,5,0704,NA,001
spring,2016,5,0705,truei,010
spring,2016,5,0705,NA,001
spring,2016,5,0706,NA,001
spring,2016,5,0707,truei,001
spring,2016,5,0709,truei,001
spring,2016,5,0720,californicus,001
spring,2016,5,0726,californicus,001
spring,2016,5,0727,truei,010
spring,2016,5,0730,truei,001
spring,2016,5,0731,truei,001
spring,2016,5,0732,truei,010
spring,2016,5,0737,truei,001
spring,2016,5,0743,truei,001
spring,2016,5,0744,truei,001
spring,2016,5,0746,truei,001
spring,2016,5,0748,californicus,001
spring,2016,5,0752,californicus,001
spring,2016,5,0766,californicus,001
spring,2016,5,0849,truei,010
spring,2016,5,0849,NA,001
spring,2016,5,0922,californicus,010
spring,2016,5,0922,NA,001
spring,2016,5,0931,NA,010
spring,2016,5,0945,californicus,001
spring,2016,5,0988,californicus,010
spring,2017,4,0123,californicus,001
spring,2017,4,0238,californicus,010
spring,2017,4,0380,truei,101
spring,2017,4,0380,NA,010
spring,2017,4,0385,truei,101
spring,2017,4,0411,truei,101
spring,2017,4,0502,californicus,001
spring,2017,4,0559,californicus,010
spring,2017,4,0559,NA,001
spring,2017,4,0562,californicus,010
spring,2017,4,0585,californicus,001
spring,2017,4,0669,californicus,001
spring,2017,4,0720,truei,001
spring,2017,4,0727,truei,010
spring,2017,4,0800,truei,101
spring,2017,4,0922,californicus,110
spring,2017,4,0922,NA,001
spring,2017,4,0945,californicus,101
spring,2017,4,0990,truei,100
spring,2018,5,0278,truei,100
spring,2018,5,0278,NA,010
spring,2018,5,0279,truei,101
spring,2018,5,0280,californicus,010
spring,2018,5,0281,truei,001
spring,2018,5,0282,californicus,010
spring,2018,5,0380,californicus,100
summer,2009,7,0049,californicus,101
summer,2009,7,0051,californicus,111
summer,2009,7,0062,truei,100
summer,2009,7,0104,truei,001
summer,2009,7,0105,truei,011
summer,2009,7,0109,megalotis,001
summer,2009,7,0110,californicus,001
summer,2009,7,0111,truei,001
summer,2009,7,0112,fuscus,001
summer,2009,7,0113,truei,001
summer,2009,7,0121,truei,111
summer,2009,7,0125,californicus,100
summer,2009,7,0129,californicus,011
summer,2009,7,0134,truei,010
summer,2009,7,0139,truei,111
summer,2009,7,0140,californicus,111
summer,2009,7,0141,truei,111
summer,2009,7,0143,truei,111
summer,2009,7,0144,californicus,111
summer,2009,7,0162,truei,011
summer,2009,7,0166,truei,111
summer,2009,7,0167,californicus,111
summer,2009,7,0173,californicus,101
summer,2009,7,0181,fuscus,100
summer,2009,7,0182,truei,100
summer,2009,7,0183,californicus,011
summer,2009,7,0184,californicus,010
summer,2009,7,0186,californicus,101
summer,2009,7,0192,truei,010
summer,2009,7,0194,truei,011
summer,2009,7,0198,truei,111
summer,2009,7,0257,megalotis,001
summer,2009,7,0258,californicus,010
summer,2009,7,0259,fuscus,011
summer,2009,7,0261,truei,011
summer,2009,7,0262,truei,010
summer,2009,7,0264,truei,110
summer,2009,7,0266,truei,111
summer,2009,7,0268,californicus,110
summer,2009,7,0270,truei,101
summer,2009,7,0271,truei,111
summer,2009,7,0273,truei,111
summer,2009,7,1006,truei,101
summer,2009,7,1009,truei,010
summer,2009,7,1023,californicus,111
summer,2009,7,1101,californicus,001
summer,2009,7,1102,truei,101
summer,2009,7,1108,californicus,011
summer,2009,7,1120,truei,101
summer,2009,7,1124,truei,111
summer,2009,7,1130,truei,111
summer,2009,7,1132,truei,001
summer,2009,7,1133,californicus,101
summer,2009,7,1137,truei,111
summer,2009,7,1147,truei,011
summer,2009,7,1152,truei,110
summer,2009,7,1153,californicus,100
summer,2009,7,1160,californicus,111
summer,2009,7,1161,truei,111
summer,2009,7,1169,californicus,111
summer,2009,7,1174,californicus,010
summer,2009,7,1175,truei,111
summer,2009,7,1179,fuscus,011
summer,2009,7,1185,truei,100
summer,2009,7,1191,truei,110
summer,2009,7,1254,truei,001
summer,2009,7,1255,truei,001
summer,2009,7,1256,megalotis,001
summer,2009,7,1265,truei,111
summer,2009,7,1267,californicus,100
summer,2009,7,1269,californicus,111
summer,2009,7,1272,fuscus,111
summer,2009,7,1274,truei,100
summer,2009,7,1275,truei,111
summer,2010,7,0051,californicus,100
summer,2010,7,0054,californicus,100
summer,2010,7,0077,truei,100
summer,2010,7,0078,californicus,100
summer,2010,7,0080,truei,100
summer,2010,7,0081,truei,100
summer,2010,7,0083,truei,100
summer,2010,7,0115,truei,100
summer,2010,7,0116,truei,100
summer,2010,7,0118,truei,100
summer,2010,7,0125,californicus,100
summer,2010,7,0186,californicus,100
summer,2010,7,0234,truei,100
summer,2010,7,0247,californicus,100
summer,2010,7,0268,californicus,100
summer,2010,7,0276,truei,100
summer,2010,7,0353,truei,100
summer,2010,7,0385,truei,100
summer,2010,7,0394,californicus,100
summer,2010,7,1075,californicus,100
summer,2010,7,1076,truei,100
summer,2010,7,1079,californicus,100
summer,2010,7,1082,truei,100
summer,2010,7,1101,californicus,100
summer,2010,7,1116,truei,100
summer,2010,7,1269,californicus,100
summer,2010,7,1336,truei,100
summer,2010,7,1340,truei,100
summer,2010,7,1351,truei,100
summer,2010,7,1383,truei,100
summer,2010,7,1386,truei,100
summer,2010,8,0051,californicus,001
summer,2010,8,0077,truei,010
summer,2010,8,0078,californicus,001
summer,2010,8,0080,truei,011
summer,2010,8,0081,truei,010
summer,2010,8,0085,californicus,010
summer,2010,8,0085,truei,001
summer,2010,8,0087,truei,001
summer,2010,8,0115,truei,001
summer,2010,8,0118,truei,001
summer,2010,8,0127,truei,010
summer,2010,8,0228,californicus,001
summer,2010,8,0233,truei,011
summer,2010,8,0234,truei,011
summer,2010,8,0235,truei,011
summer,2010,8,0236,truei,011
summer,2010,8,0243,californicus,010
summer,2010,8,0244,truei,010
summer,2010,8,0253,californicus,001
summer,2010,8,0266,truei,001
summer,2010,8,0268,californicus,011
summer,2010,8,0276,truei,011
summer,2010,8,0290,truei,011
summer,2010,8,0305,truei,010
summer,2010,8,0310,truei,010
summer,2010,8,0337,californicus,011
summer,2010,8,0353,truei,011
summer,2010,8,0372,truei,011
summer,2010,8,0387,californicus,010
summer,2010,8,0394,californicus,001
summer,2010,8,1002,truei,010
summer,2010,8,1047,truei,001
summer,2010,8,1055,truei,011
summer,2010,8,1074,californicus,010
summer,2010,8,1075,californicus,011
summer,2010,8,1076,truei,011
summer,2010,8,1079,californicus,001
summer,2010,8,1082,truei,001
summer,2010,8,1084,truei,010
summer,2010,8,1097,truei,011
summer,2010,8,1098,californicus,001
summer,2010,8,1114,truei,011
summer,2010,8,1116,truei,010
summer,2010,8,1174,californicus,010
summer,2010,8,1246,truei,001
summer,2010,8,1267,californicus,010
summer,2010,8,1269,californicus,001
summer,2010,8,1307,californicus,010
summer,2010,8,1336,truei,011
summer,2010,8,1340,truei,010
summer,2010,8,1351,truei,011
summer,2010,8,1383,truei,011
summer,2010,8,1386,truei,011
summer,2010,8,1398,californicus,001
summer,2012,9,0006,truei,010
summer,2012,9,0008,californicus,010
summer,2012,9,0009,truei,100
summer,2012,9,0018,truei,010
summer,2012,9,0020,californicus,001
summer,2012,9,0020,truei,010
summer,2012,9,0029,californicus,010
summer,2012,9,0032,truei,011
summer,2012,9,0035,californicus,010
summer,2012,9,0035,truei,001
summer,2012,9,0036,truei,111
summer,2012,9,0037,truei,111
summer,2012,9,0040,californicus,100
summer,2012,9,0040,truei,100
summer,2012,9,0045,truei,001
summer,2012,9,0052,californicus,101
summer,2012,9,0055,truei,100
summer,2012,9,0065,truei,111
summer,2012,9,0070,californicus,100
summer,2012,9,0074,californicus,011
summer,2012,9,0076,californicus,011
summer,2012,9,0078,californicus,110
summer,2012,9,0082,truei,011
summer,2012,9,0082,NA,100
summer,2012,9,0084,truei,011
summer,2012,9,0091,californicus,010
summer,2012,9,0093,californicus,100
summer,2012,9,0099,truei,010
summer,2012,9,0120,truei,001
summer,2012,9,0121,californicus,110
summer,2012,9,0128,truei,011
summer,2012,9,0128,NA,100
summer,2012,9,0132,californicus,110
summer,2012,9,0132,truei,001
summer,2012,9,0151,truei,110
summer,2012,9,0162,californicus,001
summer,2012,9,0162,NA,100
summer,2012,9,0175,truei,100
summer,2012,9,0178,californicus,100
summer,2012,9,0178,truei,011
summer,2012,9,0179,californicus,100
summer,2012,9,0179,truei,001
summer,2012,9,0180,truei,110
summer,2012,9,0190,truei,001
summer,2012,9,0253,californicus,100
summer,2012,9,0263,truei,001
summer,2012,9,0288,californicus,100
summer,2012,9,0326,californicus,101
summer,2012,9,0327,truei,001
summer,2012,9,0328,truei,001
summer,2012,9,0351,californicus,100
summer,2012,9,0351,truei,001
summer,2012,9,0352,californicus,111
summer,2012,9,0374,californicus,001
summer,2012,9,0375,truei,110
summer,2012,9,0505,californicus,010
summer,2012,9,0511,truei,010
summer,2012,9,0513,californicus,010
summer,2012,9,0526,truei,001
summer,2012,9,0527,truei,011
summer,2012,9,0546,californicus,001
summer,2012,9,0548,californicus,001
summer,2012,9,0549,californicus,001
summer,2012,9,0550,truei,111
summer,2012,9,0552,californicus,010
summer,2012,9,0561,truei,010
summer,2012,9,0569,truei,010
summer,2012,9,0570,truei,010
summer,2012,9,0576,truei,010
summer,2012,9,0589,californicus,110
summer,2012,9,0589,truei,001
summer,2012,9,0590,truei,010
summer,2012,9,0599,truei,101
summer,2012,9,0795,truei,101
summer,2012,9,0796,truei,111
summer,2012,9,0839,truei,111
summer,2012,9,0847,truei,001
summer,2012,9,0963,californicus,100
summer,2012,9,1030,truei,010
summer,2012,9,1126,californicus,100
summer,2012,9,1544,truei,000
summer,2012,9,1557,californicus,100
summer,2012,9,1562,truei,010
summer,2012,9,1956,californicus,010
summer,2012,9,1956,truei,001
summer,2012,9,2023,truei,101
summer,2013,8,0041,truei,100
summer,2013,8,0066,californicus,010
summer,2013,8,0066,truei,100
summer,2013,8,0070,californicus,110
summer,2013,8,0074,californicus,110
summer,2013,8,0076,californicus,110
summer,2013,8,0078,californicus,101
summer,2013,8,0078,NA,010
summer,2013,8,0099,truei,001
summer,2013,8,0132,californicus,100
summer,2013,8,0132,NA,001
summer,2013,8,0162,californicus,111
summer,2013,8,0169,truei,110
summer,2013,8,0172,californicus,010
summer,2013,8,0172,truei,101
summer,2013,8,0189,NA,001
summer,2013,8,0221,truei,110
summer,2013,8,0221,NA,001
summer,2013,8,0226,truei,101
summer,2013,8,0227,californicus,001
summer,2013,8,0228,truei,110
summer,2013,8,0228,NA,001
summer,2013,8,0241,truei,001
summer,2013,8,0246,truei,011
summer,2013,8,0250,truei,110
summer,2013,8,0250,NA,001
summer,2013,8,0253,californicus,001
summer,2013,8,0254,truei,100
summer,2013,8,0254,NA,001
summer,2013,8,0263,truei,111
summer,2013,8,0265,truei,010
summer,2013,8,0265,NA,001
summer,2013,8,0267,californicus,100
summer,2013,8,0267,NA,001
summer,2013,8,0269,californicus,001
summer,2013,8,0302,californicus,101
summer,2013,8,0307,californicus,010
summer,2013,8,0307,NA,001
summer,2013,8,0316,NA,001
summer,2013,8,0326,californicus,110
summer,2013,8,0350,truei,110
summer,2013,8,0350,NA,001
summer,2013,8,0351,californicus,101
summer,2013,8,0351,truei,010
summer,2013,8,0352,californicus,100
summer,2013,8,0399,truei,110
summer,2013,8,0399,NA,001
summer,2013,8,0427,truei,110
summer,2013,8,0427,NA,001
summer,2013,8,0428,truei,001
summer,2013,8,0440,truei,110
summer,2013,8,0470,truei,100
summer,2013,8,0473,truei,100
summer,2013,8,0477,californicus,110
summer,2013,8,0479,truei,001
summer,2013,8,0481,truei,011
summer,2013,8,0485,truei,110
summer,2013,8,0485,NA,001
summer,2013,8,0486,truei,100
summer,2013,8,0488,californicus,010
summer,2013,8,0493,truei,111
summer,2013,8,0498,truei,100
summer,2013,8,0499,californicus,100
summer,2013,8,0520,truei,101
summer,2013,8,0591,truei,010
summer,2013,8,0599,truei,111
summer,2013,8,1497,truei,110
summer,2013,8,2278,californicus,100
summer,2013,8,2278,NA,011
summer,2013,8,2317,truei,110
summer,2014,8,0099,NA,101
summer,2014,8,0227,californicus,100
summer,2014,8,0256,californicus,010
summer,2014,8,0302,californicus,100
summer,2014,8,0302,NA,011
summer,2014,8,0336,californicus,110
summer,2014,8,0336,NA,001
summer,2014,8,0348,californicus,100
summer,2014,8,0348,NA,011
summer,2014,8,0428,californicus,100
summer,2014,8,0428,NA,001
summer,2014,8,0450,californicus,100
summer,2014,8,0450,NA,011
summer,2014,8,0457,californicus,110
summer,2014,8,0460,californicus,100
summer,2014,8,0460,NA,011
summer,2014,8,0461,truei,100
summer,2014,8,0461,NA,011
summer,2014,8,0493,truei,100
summer,2014,8,0493,NA,010
summer,2014,8,0815,truei,100
summer,2014,8,0822,NA,001
summer,2014,8,0823,truei,110
summer,2014,8,0824,truei,110
summer,2014,8,0824,NA,001
summer,2014,8,0825,truei,100
summer,2014,8,0825,NA,010
summer,2014,8,0827,californicus,010
summer,2014,8,0828,truei,001
summer,2014,8,0843,truei,001
summer,2014,8,0844,californicus,010
summer,2014,8,0845,NA,011
summer,2014,8,0850,truei,100
summer,2014,8,0850,NA,010
summer,2014,8,0851,truei,100
summer,2014,8,0851,NA,001
summer,2014,8,0876,truei,100
summer,2014,8,0876,NA,011
summer,2014,8,0877,californicus,100
summer,2014,8,0879,californicus,010
summer,2014,8,0885,truei,001
summer,2014,8,0900,truei,010
summer,2014,8,0926,californicus,001
summer,2014,8,0954,truei,110
summer,2014,8,0955,truei,100
summer,2014,8,0955,NA,010
summer,2014,8,0956,californicus,100
summer,2014,8,0956,NA,010
summer,2014,8,0958,truei,010
summer,2014,8,0959,truei,010
summer,2014,8,0964,truei,001
summer,2014,8,0965,truei,010
summer,2014,8,0967,californicus,010
summer,2014,8,0969,californicus,001
summer,2014,8,0975,californicus,100
summer,2014,8,0975,NA,001
summer,2014,8,0981,californicus,010
summer,2015,8,0010,californicus,110
summer,2015,8,0010,NA,001
summer,2015,8,0025,californicus,011
summer,2015,8,0066,truei,100
summer,2015,8,0075,truei,100
summer,2015,8,0075,NA,011
summer,2015,8,0080,truei,010
summer,2015,8,0080,NA,001
summer,2015,8,0096,californicus,001
summer,2015,8,0099,truei,011
summer,2015,8,0219,californicus,001
summer,2015,8,0309,truei,001
summer,2015,8,0376,truei,111
summer,2015,8,0377,californicus,100
summer,2015,8,0377,NA,001
summer,2015,8,0379,californicus,101
summer,2015,8,0382,californicus,010
summer,2015,8,0386,truei,100
summer,2015,8,0386,NA,010
summer,2015,8,0389,truei,010
summer,2015,8,0394,californicus,001
summer,2015,8,0395,NA,001
summer,2015,8,0398,truei,110
summer,2015,8,0411,truei,001
summer,2015,8,0411,NA,010
summer,2015,8,0412,truei,100
summer,2015,8,0412,NA,010
summer,2015,8,0466,truei,001
summer,2015,8,0512,californicus,100
summer,2015,8,0517,truei,011
summer,2015,8,0532,truei,111
summer,2015,8,0537,truei,100
summer,2015,8,0537,NA,011
summer,2015,8,0558,truei,011
summer,2015,8,0559,californicus,100
summer,2015,8,0565,truei,100
summer,2015,8,0565,NA,010
summer,2015,8,0566,californicus,010
summer,2015,8,0577,californicus,001
summer,2015,8,0579,californicus,010
summer,2015,8,0592,californicus,101
summer,2015,8,0592,NA,010
summer,2015,8,0593,truei,001
summer,2015,8,0736,truei,001
summer,2015,8,0809,californicus,010
summer,2015,8,0825,californicus,100
summer,2015,8,0879,truei,010
summer,2015,8,0890,californicus,100
summer,2015,8,0931,californicus,010
summer,2015,8,0931,NA,001
summer,2015,8,0932,californicus,010
summer,2015,8,0934,truei,010
summer,2015,8,0936,truei,010
summer,2015,8,0959,truei,100
summer,2015,8,0994,californicus,100
summer,2015,8,0994,NA,010
summer,2015,8,0998,truei,010
summer,2016,7,0150,truei,100
summer,2016,7,0150,NA,001
summer,2016,7,0238,californicus,110
summer,2016,7,0238,NA,001
summer,2016,7,0377,californicus,100
summer,2016,7,0377,NA,010
summer,2016,7,0380,truei,110
summer,2016,7,0385,NA,110
summer,2016,7,0398,truei,110
summer,2016,7,0398,NA,001
summer,2016,7,0411,truei,100
summer,2016,7,0411,NA,011
summer,2016,7,0429,truei,010
summer,2016,7,0429,NA,001
summer,2016,7,0465,truei,010
summer,2016,7,0529,californicus,010
summer,2016,7,0559,californicus,100
summer,2016,7,0559,NA,011
summer,2016,7,0565,truei,110
summer,2016,7,0565,NA,001
summer,2016,7,0578,californicus,110
summer,2016,7,0585,californicus,101
summer,2016,7,0592,californicus,100
summer,2016,7,0592,NA,001
summer,2016,7,0604,californicus,110
summer,2016,7,0609,truei,011
summer,2016,7,0614,californicus,010
summer,2016,7,0630,californicus,100
summer,2016,7,0632,californicus,010
summer,2016,7,0644,NA,010
summer,2016,7,0645,californicus,010
summer,2016,7,0647,californicus,110
summer,2016,7,0651,truei,010
summer,2016,7,0670,truei,010
summer,2016,7,0670,NA,001
summer,2016,7,0680,truei,001
summer,2016,7,0681,truei,101
summer,2016,7,0683,californicus,100
summer,2016,7,0683,NA,011
summer,2016,7,0699,californicus,110
summer,2016,7,0704,truei,001
summer,2016,7,0705,truei,010
summer,2016,7,0705,NA,001
summer,2016,7,0706,truei,001
summer,2016,7,0707,truei,100
summer,2016,7,0707,NA,001
summer,2016,7,0727,truei,010
summer,2016,7,0730,truei,011
summer,2016,7,0752,californicus,100
summer,2016,7,0752,truei,010
summer,2016,7,0762,truei,100
summer,2016,7,0762,NA,001
summer,2016,7,0800,truei,010
summer,2016,7,0800,NA,001
summer,2016,7,0882,californicus,001
summer,2016,7,0922,californicus,100
summer,2016,7,0945,truei,100
winter,2010,1,0049,californicus,100
winter,2010,1,0051,californicus,100
winter,2010,1,0121,truei,110
winter,2010,1,0139,truei,110
winter,2010,1,0140,californicus,111
winter,2010,1,0144,californicus,111
winter,2010,1,0186,californicus,111
winter,2010,1,0228,californicus,010
winter,2010,1,0249,californicus,100
winter,2010,1,0258,californicus,010
winter,2010,1,0266,truei,011
winter,2010,1,0268,californicus,101
winter,2010,1,0271,truei,111
winter,2010,1,0276,truei,011
winter,2010,1,0284,truei,010
winter,2010,1,0285,truei,110
winter,2010,1,0305,truei,100
winter,2010,1,0310,truei,100
winter,2010,1,0312,truei,010
winter,2010,1,0325,truei,001
winter,2010,1,0332,truei,111
winter,2010,1,0333,truei,100
winter,2010,1,0334,truei,111
winter,2010,1,0335,truei,101
winter,2010,1,0337,californicus,010
winter,2010,1,0338,truei,010
winter,2010,1,0339,truei,010
winter,2010,1,0341,truei,010
winter,2010,1,0342,truei,001
winter,2010,1,0343,californicus,001
winter,2010,1,0344,truei,001
winter,2010,1,0345,truei,111
winter,2010,1,0346,californicus,110
winter,2010,1,0346,truei,100
winter,2010,1,0347,californicus,100
winter,2010,1,0372,truei,110
winter,2010,1,0373,truei,101
winter,2010,1,1016,californicus,100
winter,2010,1,1101,californicus,111
winter,2010,1,1102,truei,001
winter,2010,1,1124,truei,110
winter,2010,1,1137,truei,110
winter,2010,1,1147,truei,111
winter,2010,1,1153,californicus,001
winter,2010,1,1161,truei,100
winter,2010,1,1164,californicus,101
winter,2010,1,1169,californicus,001
winter,2010,1,1174,californicus,011
winter,2010,1,1202,californicus,100
winter,2010,1,1269,californicus,101
winter,2010,1,1282,truei,011
winter,2010,1,1302,truei,100
winter,2010,1,1303,truei,110
winter,2010,1,1304,truei,110
winter,2010,1,1306,truei,111
winter,2010,1,1307,californicus,100
winter,2010,1,1308,truei,100
winter,2010,1,1309,californicus,100
winter,2010,1,1311,truei,011
winter,2010,1,1313,truei,001
winter,2010,1,1328,truei,110
winter,2010,1,1331,truei,111
winter,2010,1,1336,truei,011
winter,2010,1,1340,truei,011
winter,2010,1,1348,truei,100
winter,2010,1,1350,truei,011
winter,2010,1,1351,truei,100
winter,2010,1,1374,californicus,100
winter,2010,1,1375,truei,100
winter,2010,1,1379,truei,001
winter,2010,1,1388,truei,001
winter,2011,2,0032,truei,001
winter,2011,2,0033,californicus,001
winter,2011,2,0033,truei,010
winter,2011,2,0035,truei,100
winter,2011,2,0054,californicus,001
winter,2011,2,0057,truei,010
winter,2011,2,0059,californicus,010
winter,2011,2,0060,truei,010
winter,2011,2,0061,californicus,100
winter,2011,2,0088,californicus,001
winter,2011,2,0090,truei,010
winter,2011,2,0092,truei,001
winter,2011,2,0092,NA,100
winter,2011,2,0093,californicus,010
winter,2011,2,0095,californicus,100
winter,2011,2,0125,californicus,110
winter,2011,2,0235,truei,100
winter,2011,2,0266,truei,100
winter,2011,2,0353,truei,110
winter,2011,2,0396,californicus,100
winter,2011,2,0413,truei,100
winter,2011,2,0801,truei,010
winter,2011,2,0812,truei,001
winter,2011,2,0856,truei,001
winter,2011,2,0862,truei,100
winter,2011,2,0869,truei,100
winter,2011,2,0872,truei,010
winter,2011,2,0896,californicus,010
winter,2011,2,0903,truei,101
winter,2011,2,0906,truei,100
winter,2011,2,0927,truei,001
winter,2011,2,0940,truei,100
winter,2011,2,0950,truei,100
winter,2011,2,0966,californicus,010
winter,2011,2,0982,fuscus,100
winter,2011,2,0997,truei,100
winter,2011,2,1039,truei,010
winter,2011,2,1071,truei,010
winter,2011,2,1079,californicus,110
winter,2011,2,1084,californicus,001
winter,2011,2,1267,californicus,010
winter,2011,2,1269,californicus,001
winter,2011,2,1307,californicus,110
winter,2011,2,1307,NA,001
winter,2011,2,1336,truei,111
winter,2011,2,1386,truei,111
winter,2011,2,1811,truei,001
winter,2011,2,1824,truei,001
winter,2011,2,1876,truei,100
winter,2011,2,1926,truei,011
winter,2011,2,1977,truei,111
winter,2011,2,1978,truei,001
winter,2011,2,2256,truei,100
winter,2012,3,0002,californicus,001
winter,2012,3,0004,truei,101
winter,2012,3,0004,NA,010
winter,2012,3,0021,truei,100
winter,2012,3,0040,truei,100
winter,2012,3,0040,NA,000
winter,2012,3,0054,californicus,110
winter,2012,3,0054,truei,001
winter,2012,3,0065,truei,010
winter,2012,3,0065,NA,001
winter,2012,3,0073,californicus,010
winter,2012,3,0076,californicus,111
winter,2012,3,0093,californicus,001
winter,2012,3,0099,truei,010
winter,2012,3,0102,NA,010
winter,2012,3,0116,truei,100
winter,2012,3,0121,californicus,111
winter,2012,3,0127,truei,101
winter,2012,3,0127,NA,010
winter,2012,3,0128,truei,101
winter,2012,3,0130,truei,101
winter,2012,3,0130,NA,010
winter,2012,3,0131,truei,100
winter,2012,3,0131,NA,010
winter,2012,3,0132,californicus,100
winter,2012,3,0151,truei,101
winter,2012,3,0162,californicus,010
winter,2012,3,0164,truei,110
winter,2012,3,0175,truei,001
winter,2012,3,0175,NA,010
winter,2012,3,0200,truei,011
winter,2012,3,0228,californicus,110
winter,2012,3,0253,NA,010
winter,2012,3,0479,californicus,011
winter,2012,3,0796,truei,100
winter,2012,3,0796,NA,010
winter,2012,3,0826,californicus,100
winter,2012,3,0839,truei,101
winter,2012,3,0839,NA,010
winter,2012,3,0869,californicus,100
winter,2012,3,0869,truei,001
winter,2012,3,0878,truei,101
winter,2012,3,0931,truei,010
winter,2012,3,0953,truei,001
winter,2012,3,0963,truei,010
winter,2012,3,1024,truei,101
winter,2012,3,1024,NA,010
winter,2012,3,1025,truei,010
winter,2012,3,1044,NA,000
winter,2012,3,1050,truei,101
winter,2012,3,1097,truei,100
winter,2012,3,1175,truei,010
winter,2012,3,1956,californicus,100
winter,2012,3,1956,NA,010
winter,2012,3,2026,californicus,100
winter,2012,3,2098,truei,100
winter,2012,3,2101,californicus,100
winter,2012,3,2101,NA,010
winter,2012,3,2123,californicus,010
winter,2012,3,2150,truei,001
winter,2013,2,0028,californicus,101
winter,2013,2,0028,NA,010
winter,2013,2,0029,californicus,101
winter,2013,2,0029,NA,010
winter,2013,2,0055,truei,101
winter,2013,2,0070,californicus,111
winter,2013,2,0074,californicus,100
winter,2013,2,0076,californicus,101
winter,2013,2,0076,NA,010
winter,2013,2,0078,californicus,101
winter,2013,2,0082,truei,011
winter,2013,2,0084,truei,010
winter,2013,2,0099,truei,110
winter,2013,2,0121,californicus,001
winter,2013,2,0132,californicus,111
winter,2013,2,0152,truei,100
winter,2013,2,0152,NA,010
winter,2013,2,0160,truei,010
winter,2013,2,0162,californicus,101
winter,2013,2,0163,truei,110
winter,2013,2,0169,truei,110
winter,2013,2,0172,NA,001
winter,2013,2,0175,truei,101
winter,2013,2,0178,truei,010
winter,2013,2,0180,californicus,010
winter,2013,2,0180,truei,001
winter,2013,2,0202,truei,110
winter,2013,2,0202,NA,001
winter,2013,2,0203,californicus,010
winter,2013,2,0203,truei,001
winter,2013,2,0204,truei,100
winter,2013,2,0205,californicus,010
winter,2013,2,0224,truei,101
winter,2013,2,0225,truei,111
winter,2013,2,0249,californicus,010
winter,2013,2,0251,truei,011
winter,2013,2,0252,truei,001
winter,2013,2,0253,californicus,010
winter,2013,2,0274,truei,001
winter,2013,2,0275,californicus,001
winter,2013,2,0301,truei,110
winter,2013,2,0302,californicus,010
winter,2013,2,0303,californicus,100
winter,2013,2,0303,NA,010
winter,2013,2,0304,truei,100
winter,2013,2,0304,NA,001
winter,2013,2,0305,californicus,100
winter,2013,2,0306,truei,010
winter,2013,2,0307,californicus,010
winter,2013,2,0308,californicus,010
winter,2013,2,0313,NA,001
winter,2013,2,0314,truei,110
winter,2013,2,0318,californicus,001
winter,2013,2,0321,truei,001
winter,2013,2,0351,californicus,101
winter,2013,2,0351,NA,010
winter,2013,2,0352,californicus,100
winter,2013,2,0352,NA,011
winter,2013,2,0399,truei,111
winter,2013,2,0400,truei,110
winter,2013,2,0424,californicus,001
winter,2013,2,0472,californicus,001
winter,2013,2,0474,truei,001
winter,2013,2,0477,californicus,100
winter,2013,2,0478,truei,100
winter,2013,2,0478,NA,010
winter,2013,2,0479,californicus,010
winter,2013,2,0482,truei,100
winter,2013,2,0483,truei,101
winter,2013,2,0483,NA,010
winter,2013,2,0484,truei,100
winter,2013,2,0486,truei,011
winter,2013,2,0487,truei,010
winter,2013,2,0496,truei,010
winter,2013,2,0498,californicus,110
winter,2013,2,0520,truei,011
winter,2013,2,0521,truei,011
winter,2013,2,0521,NA,001
winter,2013,2,0546,californicus,101
winter,2013,2,0548,californicus,100
winter,2013,2,0548,NA,001
winter,2013,2,0549,californicus,100
winter,2013,2,0572,truei,010
winter,2013,2,0573,californicus,010
winter,2013,2,0598,truei,011
winter,2013,2,0599,truei,111
winter,2013,2,0677,californicus,010
winter,2013,2,0795,californicus,101
winter,2013,2,0963,californicus,100
winter,2013,2,0963,truei,001
winter,2013,2,0963,NA,010
winter,2013,2,1030,californicus,101
winter,2013,2,1030,NA,010
winter,2013,2,1126,californicus,100
winter,2013,2,1126,NA,001
winter,2013,2,1497,truei,011
winter,2013,2,2311,truei,010
winter,2013,2,2317,truei,010
winter,2013,2,2317,NA,001
winter,2015,2,0098,NA,001
winter,2015,2,0099,truei,100
winter,2015,2,0099,NA,001
winter,2015,2,0325,californicus,100
winter,2015,2,0376,truei,100
winter,2015,2,0376,NA,011
winter,2015,2,0377,californicus,100
winter,2015,2,0377,NA,001
winter,2015,2,0381,californicus,100
winter,2015,2,0381,NA,011
winter,2015,2,0382,californicus,100
winter,2015,2,0382,NA,011
winter,2015,2,0383,truei,100
winter,2015,2,0383,NA,001
winter,2015,2,0398,NA,110
winter,2015,2,0408,californicus,100
winter,2015,2,0408,NA,001
winter,2015,2,0411,truei,100
winter,2015,2,0411,NA,011
winter,2015,2,0412,truei,100
winter,2015,2,0412,NA,011
winter,2015,2,0419,truei,100
winter,2015,2,0419,NA,001
winter,2015,2,0428,californicus,100
winter,2015,2,0428,NA,011
winter,2015,2,0450,californicus,100
winter,2015,2,0457,californicus,100
winter,2015,2,0457,NA,011
winter,2015,2,0466,truei,100
winter,2015,2,0466,NA,001
winter,2015,2,0493,truei,100
winter,2015,2,0493,NA,011
winter,2015,2,0514,truei,100
winter,2015,2,0514,NA,010
winter,2015,2,0518,truei,001
winter,2015,2,0519,californicus,001
winter,2015,2,0532,truei,100
winter,2015,2,0532,NA,011
winter,2015,2,0540,californicus,100
winter,2015,2,0541,californicus,010
winter,2015,2,0553,truei,100
winter,2015,2,0553,NA,011
winter,2015,2,0554,truei,010
winter,2015,2,0555,truei,100
winter,2015,2,0555,NA,011
winter,2015,2,0559,californicus,010
winter,2015,2,0561,truei,100
winter,2015,2,0561,NA,001
winter,2015,2,0565,truei,100
winter,2015,2,0565,NA,010
winter,2015,2,0567,truei,100
winter,2015,2,0567,NA,011
winter,2015,2,0579,californicus,100
winter,2015,2,0581,truei,100
winter,2015,2,0581,NA,001
winter,2015,2,0582,californicus,100
winter,2015,2,0582,NA,011
winter,2015,2,0583,truei,100
winter,2015,2,0583,NA,011
winter,2015,2,0585,californicus,010
winter,2015,2,0585,NA,001
winter,2015,2,0586,californicus,100
winter,2015,2,0586,NA,010
winter,2015,2,0592,californicus,100
winter,2015,2,0825,californicus,001
winter,2015,2,0829,truei,001
winter,2015,2,0851,truei,001
winter,2015,2,0879,californicus,010
winter,2015,2,0879,truei,100
winter,2015,2,0890,californicus,001
winter,2015,2,0956,californicus,011
winter,2015,2,0958,californicus,010
winter,2015,2,0959,truei,100
winter,2015,2,0959,NA,010
winter,2015,2,0965,truei,010
winter,2015,2,0967,truei,100
winter,2015,2,0967,NA,001
winter,2015,2,0978,NA,011
winter,2015,2,0983,fuscus,110
winter,2015,2,0985,NA,100
winter,2015,2,0986,truei,100
winter,2015,2,0986,NA,011
winter,2015,2,0987,truei,100
winter,2015,2,0988,californicus,001
winter,2015,2,0989,truei,100
winter,2015,2,0994,californicus,010
winter,2015,2,0994,NA,001
winter,2015,2,0998,truei,001
winter,2015,2,2136,californicus,001
winter,2016,2,0101,californicus,010
winter,2016,2,0126,californicus,010
winter,2016,2,0150,NA,000
winter,2016,2,0238,californicus,101
winter,2016,2,0238,NA,000
winter,2016,2,0377,californicus,010
winter,2016,2,0377,NA,001
winter,2016,2,0380,truei,011
winter,2016,2,0385,NA,011
winter,2016,2,0398,truei,011
winter,2016,2,0398,NA,000
winter,2016,2,0411,truei,010
winter,2016,2,0411,NA,001
winter,2016,2,0429,truei,001
winter,2016,2,0429,NA,000
winter,2016,2,0465,truei,001
winter,2016,2,0529,californicus,001
winter,2016,2,0559,californicus,100
winter,2016,2,0559,NA,001
winter,2016,2,0565,truei,011
winter,2016,2,0565,NA,000
winter,2016,2,0578,californicus,011
winter,2016,2,0585,californicus,100
winter,2016,2,0592,californicus,010
winter,2016,2,0592,NA,000
winter,2016,2,0604,californicus,011
winter,2016,2,0609,truei,001
winter,2016,2,0614,californicus,001
winter,2016,2,0630,californicus,100
winter,2016,2,0632,californicus,001
winter,2016,2,0644,NA,001
winter,2016,2,0645,californicus,001
winter,2016,2,0647,californicus,011
winter,2016,2,0670,truei,001
winter,2016,2,0670,NA,000
winter,2016,2,0680,truei,000
winter,2016,2,0681,truei,011
winter,2016,2,0683,californicus,010
winter,2016,2,0683,NA,001
winter,2016,2,0699,californicus,011
winter,2016,2,0705,NA,000
winter,2016,2,0706,truei,000
winter,2016,2,0707,truei,010
winter,2016,2,0707,NA,001
winter,2016,2,0727,truei,001
winter,2016,2,0730,truei,001
winter,2016,2,0730,NA,000
winter,2016,2,0740,truei,000
winter,2016,2,0750,truei,001
winter,2016,2,0752,californicus,010
winter,2016,2,0752,truei,001
winter,2016,2,0762,truei,010
winter,2016,2,0762,NA,000
winter,2016,2,0800,truei,001
winter,2016,2,0800,NA,000
winter,2016,2,0882,californicus,000
winter,2016,2,0922,californicus,010
winter,2016,2,0945,truei,010
winter,2017,2,0238,californicus,100
winter,2017,2,0277,californicus,001
winter,2017,2,0380,truei,101
winter,2017,2,0385,NA,010
winter,2017,2,0465,truei,100
winter,2017,2,0502,californicus,001
winter,2017,2,0557,californicus,100
winter,2017,2,0559,californicus,001
winter,2017,2,0592,californicus,101
winter,2017,2,0592,NA,010
winter,2017,2,0597,californicus,110
winter,2017,2,0597,NA,001
winter,2017,2,0706,truei,010
winter,2017,2,0800,truei,010
winter,2017,2,0922,californicus,001
winter,2017,2,0945,californicus,010
winter,2018,2,0133,truei,001
winter,2018,2,0238,californicus,001
winter,2018,2,0945,californicus,010
winter,2018,2,0945,NA,001
NA,2015,7,0023,truei,100
NA,2015,7,0079,NA,100
NA,2015,7,0379,NA,100
NA,2015,7,0382,NA,100
NA,2015,7,0385,truei,100
NA,2015,7,0392,californicus,100
NA,2015,7,0394,californicus,100
NA,2015,7,0398,NA,100
NA,2015,7,0411,truei,100
NA,2015,7,0412,truei,100
NA,2015,7,0466,NA,100
NA,2015,7,0493,NA,100
NA,2015,7,0517,NA,100
NA,2015,7,0532,NA,100
NA,2015,7,0537,truei,100
NA,2015,7,0556,NA,100
NA,2015,7,0559,NA,100
NA,2015,7,0566,NA,100
NA,2015,7,0579,NA,100
NA,2015,7,0597,NA,100
NA,2015,7,0811,NA,100
NA,2015,7,0931,californicus,100
NA,2015,7,0932,californicus,100
NA,2015,7,0933,californicus,100
NA,2015,7,0934,NA,100
NA,2015,7,0959,NA,100
NA,2015,7,0967,NA,100
